Business Name,CouponID,Cat,naicCode,naicDesc,endDate,couponUrl,weblink,thmImg,logoImg,street,city,zip,phone,coupon text,Expirtation,Terms
DREAM SWIRLS FROZEN YOGURT,1187968,108,722213AAG,SNACK & NONALCOHOLIC BEVERAGE BARS-YOGURT,2015-03-18,http://www.valpak.com/coupons/printable/DREAM-SWIRLS-FROZEN-YOGURT/71332?slugId=1187968&vpref=vpcomLX,http://www.dreamsweirls.com,http://www.valpak.com/img/slug/3173140941401.jpg,http://www.valpak.com/img/print/3173140941401.jpg,15570 W. Van Buren St Ste D-101,Goodyear,85338,(623)536-2191,Frozen Yogurt Coupon for 15% OFF Entire Purchase @ Dream Swirls!,2013-04-18,"[""Discount only Valid at Dream Swirls Frozen Yogurt located at: 15570 W. Van Buren Goodyear AZ 85338"", ""Not valid with any other offer."", ""With Valpak® coupon only."", ""Coupon void if altered.""]"
ORIENTAL BUFFET,1168224,108,72211ABB,FULL-SVC RSTRNTS - CHINESE,2013-04-30,http://www.valpak.com/coupons/printable/ORIENTAL-BUFFET-WLAKE-PLEASA/66645?slugId=1168224&vpref=vpcomLX,,http://www.valpak.com/img/slug/vpcomSlug.gif,http://www.valpak.com/img/print/vpcomPrint.gif,10146 W LAKE PLEASANT PARKWAY STE 1030,Peoria,85382,(623)561-8900,Buffet Coupon- $1.00 OFF Lunch Buffet! (Per Person),2013-04-18,"[""Discount only valid at : Oriental Buffet located on 10146 W. Lake Pleasant Pkwy Ste 1030 Peoria, AZ 85382"", ""Not valid with any other coupon."", ""With Valpak® coupon only."", ""Coupon void if altered.""]"
AH-HAI SUSHI & GRILL,1171366,108,72211AAM,FULL-SVC RSTRNTS - JAPANESE,2014-01-31,http://www.valpak.com/coupons/printable/AH-HAI-SUSHI-GRILL/12252?slugId=1171366&vpref=vpcomLX,http://www.ah-haisushi.com,http://www.valpak.com/img/slug/3173132536201.jpg,http://www.valpak.com/img/print/3173132536201.jpg,"831 South Cotton Lane, Ste F100",Goodyear,85338,(623)932-3778,Sushi Coupon- $5 OFF $25  Or $10 OFF $50 @ Ah-Hai Sushi & Grill!,2013-04-18,"[""Before Tax."", ""With coupon only."", ""Not valid with any other offer."", ""Coupon void if altered.""]"
PAPA MURPHY'S,1089449,108,72211AAD,FULL-SVC RSTRNTS - PIZZA,2013-06-30,http://www.valpak.com/coupons/printable/PAPA-MURPHYS/42630?slugId=1089449&vpref=vpcomLX,http://www.papamurphys.com,http://www.valpak.com/img/slug/3177137501201.jpg,http://www.valpak.com/img/print/3177137501201.jpg,1020 E. RAY RD. STE. 1,Chandler,85225,(480)917-7474,2 Topping deLite Large Pizza $8 Family Size $2 More,2013-04-18,"[""Our Exclusive Crispy Thin Crust with 2 of your favorite toppings. For a limited time only. Limit 3. Valid at participating locations. Cannot be sold, transferred or duplicated."", ""Not valid with any other offer."", ""Coupon void if altered.""]"
Garcia's Mexican Restaurant,1192974,108,72211AAO,FULL-SVC RSTRNTS - MEXICAN,2013-12-31,http://www.valpak.com/coupons/printable/GARCIAS-MEXICAN-RESTAURANT-TE/59034?slugId=1192974&vpref=vpcomLX,http://www.garciasmexicanrestaurants.net,http://www.valpak.com/img/slug/3177139247701.jpg,http://www.valpak.com/img/print/3177139247701.jpg,1706 E WARNER ROAD,Tempe,85284,(480)838-1005,$5 OFF Any Order of $20 or More,2013-04-18,"[""At Warner/McClintock location only. Excludes alcohol, tax & tip. No cash refund."", ""One coupon per customer."", ""One coupon per party."", ""Coupons may not be combined with any other offer."", ""With Valpak® coupon only."", ""Coupon void if altered.""]"
BIG GUYS SPORTS GRILL,1185766,108,72241AAB,DRINKING PLACES (ALCOHOLIC BEVERAGES) - PUBS,2013-12-31,http://www.valpak.com/coupons/printable/BIG-GUYS-SPORTS-GRILL/8572?slugId=1185766&vpref=vpcomLX,http://www.thebigguyssportsgrill.com,http://www.valpak.com/img/slug/3177130458401.jpg,http://www.valpak.com/img/print/3177130458401.jpg,4601 E. BELL RD,Phoenix,85032,(602)314-4189,$5 OFF Your Purchase of $25 or more,2013-04-18,"[""valid on regular menu & drink items only, before tax, dine in only, not valid on any other offers or our weekly specials."", ""Coupon void if altered.""]"
SHANGHAI BUFFET,1180494,108,72211ABB,FULL-SVC RSTRNTS - CHINESE,2014-03-31,http://www.valpak.com/coupons/printable/SHANGHAI-BUFFET/23415?slugId=1180494&vpref=vpcomLX,,http://www.valpak.com/img/slug/3173134914101.jpg,http://www.valpak.com/img/print/3173134914101.jpg,4201 West Bell Road,Phoenix,85053,(602)588-0303,Coupon for 15% OFF Entire Purchase (Lunch & Dinner),2013-04-18,"[""Drinks & taxes not included. Monday-Thursday ONLY. Discount is only valid at Shanghai Buffet"", ""Not valid with any other offer."", ""Not valid with any other coupon."", ""Coupon void if altered.""]"
92nd Street Cafe,979273,108,72211AAW,FULL-SVC RSTRNTS - STEAK,2013-12-31,http://www.valpak.com/coupons/printable/92nd-Street-Cafe/39011?slugId=979273&vpref=vpcomLX,,http://www.valpak.com/img/slug/3177131038501.jpg,http://www.valpak.com/img/print/3177131038501.jpg,9160 E. SHEA BLVD.,Scottsdale,85260,(480)860-4003,50% OFF,2013-04-18,"[""Buy Any Regular Priced Dinner, Get 1 of equal or lesser value 50% OFF. With 2 beverage purchases. Limit 1 per table. Valid only with cash. Not valid in bar area."", ""Not valid with any other offer."", ""With Valpak® coupon only."", ""Coupon void if altered.""]"
COUSINS SUB SANDWICHES,1145824,108,722211AAJ,LIMITED-SVC RSTRNTS - SUBS,2013-06-30,http://www.valpak.com/coupons/printable/DONT-USE-THIS-BPP/61705?slugId=1145824&vpref=vpcomLX,http://www.cousinssubs.com,http://www.valpak.com/img/slug/3173139564601.jpg,http://www.valpak.com/img/print/3173139564601.jpg,5350 W Bell Rd,Glendale,85308,(602)942-0116,Coupon for FREE Sub With Purchase of Sub or Small Fries & Med. Drink!,2013-04-18,"[""Coupon for free 7-1/2 inch sub valid with purchase of 7-1/2 inch sub or small fries and medium drink. Free sub discount valid at 5350 W Bell Rd Cousins Subs location in Glendale AZ only."", ""Coupons may not be combined with any other offer."", ""Not valid with any other coupon."", ""With Valpak® coupon only."", ""Coupon valid at this location only."", ""Coupon void if altered.""]"
18 DEGREES,1090308,108,7221,FULL-SERVICE RESTAURANTS,2013-12-31,http://www.valpak.com/coupons/printable/18-DEGREES/42889?slugId=1090308&vpref=vpcomLX,http://www.18-degrees.com,http://www.valpak.com/img/slug/3177137533301.jpg,http://www.valpak.com/img/print/3177137533301.jpg,9375 EAST BELL ROAD,Scottsdale,85260,(480)334-2653,$5 OFF Purchase of $20 or more,2013-04-18,"[""One per person, per month. One coupon per table."", ""Coupons may not be combined with any other offer."", ""With Valpak® coupon only."", ""Coupon void if altered.""]"
ROSATIS PIZZA,1046369,108,72211AAD,FULL-SVC RSTRNTS - PIZZA,2013-06-30,http://www.valpak.com/coupons/printable/ROSATIS-PIZZA/38992?slugId=1046369&vpref=vpcomLX,http://www.myrosatis.com,http://www.valpak.com/img/slug/3177135095701.jpg,http://www.valpak.com/img/print/3177135095701.jpg,2057 S. ALMA SCHOOL RD,Mesa,85210,(480)838-7448,"$2 OFF Any 14"" Pizza",2013-04-18,"[{}, ""Coupons may not be combined with any other offer."", ""Not valid with any other offer."", ""Must present coupon at time of order."", ""Coupon valid at this location only."", ""Coupon void if altered.""]"
HUMBLE PIE,1185730,108,72211AAD,FULL-SVC RSTRNTS - PIZZA,2013-12-31,http://www.valpak.com/coupons/printable/HUMBLE-PIE/38797?slugId=1185730&vpref=vpcomLX,,http://www.valpak.com/img/slug/3177131035001.jpg,http://www.valpak.com/img/print/3177131035001.jpg,21050 N. Tatum Blvd.,Phoenix,,(480)502-2121,FREE PIZZA!  WIth  a $20 Minimum Order.,2013-04-18,"[""Dine in only - Valid Sunday - Thursday only - This location only - One offer per table"", ""Not valid with any other offer."", ""With Valpak® coupon only."", ""Coupon void if altered.""]"
CHINA PEARL,1187067,108,72211ABB,FULL-SVC RSTRNTS - CHINESE,2013-12-31,http://www.valpak.com/coupons/printable/CHINA-PEARL/36034?slugId=1187067&vpref=vpcomLX,,http://www.valpak.com/img/slug/3177131041701.jpg,http://www.valpak.com/img/print/3177131041701.jpg,3861 E. BASELINE RD. SUITE K-136,Gilbert,85234,(480)633-3980,15% OFF Total Bill,2013-04-18,"[""$20 Minimum. Not valid on delivery."", ""One coupon per party."", ""With coupon only."", ""Coupons may not be combined with any other offer."", ""Not valid on mobile site."", ""Coupon void if altered.""]"
BUNNAS COFFEE TEA & MARKET,1187899,108,722213AAI,SNACK & NONALCOHOLIC BEVERAGE BARS-COFFEE SHOP,2013-12-31,http://www.valpak.com/coupons/printable/BUNNAS-COFFEE-TEA-MARKET/39002?slugId=1187899&vpref=vpcomLX,http://www.bunnacoffee.com,http://www.valpak.com/img/slug/3177135113301.jpg,http://www.valpak.com/img/print/3177135113301.jpg,2235 S Power Rd Ste.116,Mesa,85209,(480)377-2886,FREE 16 oz. Drip Coffee,2013-04-18,"[{}, ""One coupon per customer."", ""Coupons may not be combined with any other offer."", ""With Valpak® coupon only."", ""Coupon void if altered.""]"
CHEN & WOK,1138456,108,72211ABB,FULL-SVC RSTRNTS - CHINESE,2014-03-31,http://www.valpak.com/coupons/printable/CHEN-WOK/51212?slugId=1138456&vpref=vpcomLX,http://www.chenwoksurprise.com,http://www.valpak.com/img/slug/3173123074301.jpg,http://www.valpak.com/img/print/3173123074301.jpg,13856 W Waddell Rd,Surprise,85379,(623)556-9556,Chinese Food Coupon - FREE Egg Roll with $15 or More Purchase!,2013-04-18,"[""Coupon for free egg roll accepted at Chen & Wok in Surprise Arizona. Coupon valid with $15 or more Chinese food purchase only. Excludes other specials."", ""One coupon per customer."", ""With coupon only."", ""Not valid with any other coupon."", ""Coupon void if altered.""]"
CHINA CITY SUPER BUFFET,1170114,108,72211ABB,FULL-SVC RSTRNTS - CHINESE,2014-01-30,http://www.valpak.com/coupons/printable/CHINA-CITY-SUPER-BUFFET/44300?slugId=1170114&vpref=vpcomLX,http://www.chinacitymesa.com,http://www.valpak.com/img/slug/vpcomSlug.gif,http://www.valpak.com/img/print/vpcomPrint.gif,5301 W Indian School Rd,Phoenix,85031,(623)849-6688,Coupon for 15% OFF Any Chinese Buffet!,2013-04-18,"[""China City Super Buffet coupons available in Indian School Rd and McDowell Rd locations in Phoenix, AZ."", ""With coupon only."", ""Not valid with any other coupon."", ""Coupon void if altered.""]"
MANDARIN SUPER BUFFET,1151980,108,72211ABB,FULL-SVC RSTRNTS - CHINESE,2013-11-30,http://www.valpak.com/coupons/printable/MANDARIN-SUPER-BUFFET/29379?slugId=1151980&vpref=vpcomLX,,http://www.valpak.com/img/slug/3173139739001.jpg,http://www.valpak.com/img/print/3173139739001.jpg,1501 W BETHANY HOME RD,Phoenix,85015,(602)589-8888,Chinese Buffet Coupon-15% OFF Total Bill!,2013-04-18,"[""Dine in only. Offer Valid only at Mandarin Super Buffet located at: 1501 W. Bethany Home Rd Phoenix, AZ 5015"", ""With Valpak® coupon only."", ""Coupon void if altered.""]"
FILIBERTO'S ON GUADALUPE,1185733,108,722211AAF,LIMITED-SVC RSTRNTS - MEXICAN,2013-12-31,http://www.valpak.com/coupons/printable/FILIBERTOS-ON-GUADALUPE/41222?slugId=1185733&vpref=vpcomLX,http://www.filibertos.com,http://www.valpak.com/img/slug/3177137299501.jpg,http://www.valpak.com/img/print/3177137299501.jpg,2853 S Sossaman Rd. Ste. A-108,Mesa,85212,(480)357-4927,$1 OFF Super Nachos,2013-04-18,"[{}, ""One coupon per customer."", ""Coupons may not be combined with any other offer."", ""With Valpak® coupon only."", ""Coupon valid at this location only."", ""Coupon void if altered.""]"
JACK IN THE BOX,1138767,108,722211AAMJBX,LIMITED-SVC RSTRNTS - HAMBURGERS - (JACK IN THE BOX),2014-02-28,http://www.valpak.com/coupons/printable/JACK-IN-THE-BOX/50926?slugId=1138767&vpref=vpcomLX,http://www.jackinthebox.com,http://www.valpak.com/img/slug/3173138778601.jpg,http://www.valpak.com/img/print/3173138778601.jpg,13610 N Scottsdale Rd,Scottsdale,85254,(480)443-8005,Coupon for FREE Burger at Jack In The Box!,2013-04-18,"[""Coupon for free Jack In The Box burger valid with purchase of large drink. Coupon Code 407. One coupon per visit. No duplicate coupons accepted."", ""One coupon per customer."", ""With coupon only."", ""Not valid with any other coupon."", ""Coupon valid at this location only."", ""Coupon void if altered.""]"
Swirl it Self-Serve Frozen Yogurt,979330,108,722213AAG,SNACK & NONALCOHOLIC BEVERAGE BARS-YOGURT,2013-06-30,http://www.valpak.com/coupons/printable/Swirl-it-Self-Serve-Frozen-Yog/36659?slugId=979330&vpref=vpcomLX,,http://www.valpak.com/img/slug/3177131045601.jpg,http://www.valpak.com/img/print/3177131045601.jpg,1397 E Williams Field Rd. Ste. 104,Gilbert,85295,(480)917-9475,$1 OFF when you spend $4 or more,2013-04-18,"[""Limit 1 per customer. Not valid during happy hour."", ""One coupon per customer."", ""Coupons may not be combined with any other offer."", ""Coupon void if altered.""]"
CHINA HARVEST BUFFET,1103697,108,72211ABB,FULL-SVC RSTRNTS - CHINESE,2013-05-15,http://www.valpak.com/coupons/printable/CHINA-HARVEST-BUFFET/53531?slugId=1103697&vpref=vpcomLX,,http://www.valpak.com/img/slug/3173138311801.jpg,http://www.valpak.com/img/print/3173138311801.jpg,12407 N 28th Dr,Phoenix,85029,(602)942-1505,$4.99 Chinese Lunch Buffet Coupon-Includes FREE Drink!,2013-04-18,"[""Coupon valid only at China Harvest Buffet in Phoenix, AZ. Coupon valid for 1 group (up to 5 adults). Dine-in only. Coupon not valid on holidays."", ""Not valid with any other coupon."", ""Coupon void if altered.""]"
FRANCISCO'S BRICK PIZZA & PITA'S,1166977,108,72211AAD,FULL-SVC RSTRNTS - PIZZA,2013-12-31,http://www.valpak.com/coupons/printable/FRANCISCOS-BRICK-PIZZA-PITA/66369?slugId=1166977&vpref=vpcomLX,http://www.bestpizzapita.com,http://www.valpak.com/img/slug/3177140145901.jpg,http://www.valpak.com/img/print/3177140145901.jpg,3765 S GILBERT RD,Gilbert,85297,(480)855-4448,$5 OFF Any Order of $20 or more,2013-04-18,"[{}, ""One coupon per party."", ""With coupon only."", ""Not valid with any other offer."", ""Coupon void if altered.""]"
MY BIG FAT GREEK RESTAURANT - CHANDLER,1185741,108,72211AAA,FULL-SVC RSTRNTS - GREEK FOOD PRODS,2013-12-31,http://www.valpak.com/coupons/printable/MY-BIG-FAT-GREEK-RESTAURANT--/24640?slugId=1185741&vpref=vpcomLX,http://www.mybigfatgreekrestaurant.net,http://www.valpak.com/img/slug/3177120946401.jpg,http://www.valpak.com/img/print/3177120946401.jpg,3305 W. CHANDLER BLVD,Chandler,85226,(480)726-3036,LUNCH SPECIAL! 20% OFF Your Entire Bill,2013-04-18,"[""(11am-3pm only)"", ""Coupons may not be combined with any other offer."", ""With Valpak® coupon only."", ""Coupon valid at this location only."", ""Coupon void if altered.""]"
MESA COMMUNITY RESTURANT,1187940,108,72211AAG,FULL-SVC RSTRNTS - FAMILY STYLE,2013-12-31,http://www.valpak.com/coupons/printable/MESA-COMMUNITY-RESTURANT/42428?slugId=1187940&vpref=vpcomLX,,http://www.valpak.com/img/slug/3177137470501.jpg,http://www.valpak.com/img/print/3177137470501.jpg,535 N Country Club Dr,Mesa,85201,(480)833-0128,Get Any Lunch or Dinner Entree At 1/2 Price,2013-04-18,"[""with the purchase of an entree of equal or lesser value"", ""Coupons may not be combined with any other offer."", ""With Valpak® coupon only."", ""Coupon void if altered.""]"
SHANGRI-LA CHINESE CUISINE,1178493,108,72211ABB,FULL-SVC RSTRNTS - CHINESE,2014-03-31,http://www.valpak.com/coupons/printable/SHANGRI-LA-CHINESE-RESTAURANT/68883?slugId=1178493&vpref=vpcomLX,,http://www.valpak.com/img/slug/vpcomSlug.gif,http://www.valpak.com/img/print/vpcomPrint.gif,18561 N 59TH AVE,Glendale,85308,(602)439-8880,Coupon for 1/2 Price Entree at Shangri-la Chinese Cuisine!,2013-04-18,"[""Buy one Entree at Regular price receive second entree of equal or lesser  value HALF OFF! Discount only valid at Shangri-La Chinese Cuisine locate atL 18561 N. 59th Ave. Glendale AZ Come in today!"", ""With Valpak® coupon only."", ""Coupon void if altered.""]"
#1 BROTHERS PIZZA,1142630,108,72211AAD,FULL-SVC RSTRNTS - PIZZA,2013-10-15,http://www.valpak.com/coupons/printable/1-BROTHERS-PIZZA/60985?slugId=1142630&vpref=vpcomLX,http://www.original1brospizza.com,http://www.valpak.com/img/slug/3173139480301.jpg,http://www.valpak.com/img/print/3173139480301.jpg,7440 W Cactus Rd,Peoria,85381,(623)486-4111,Everyday Pizza Special- Large Cheese Pizza and 20 Wings $21.99!,2013-04-18,"[""(Plus Tax). Everyday pizza special includes large 17\"" cheese pizza plus 20 wings. Plus FREE 2 liter soda with take-out. Coupon accepted only #1 Brothers Pizza Cactus Rd Peoria AZ."", ""With coupon only."", ""Coupon void if altered.""]"
LAS FUENTES MEXICAN GRILL,1177773,108,72211AAO,FULL-SVC RSTRNTS - MEXICAN,2014-02-28,http://www.valpak.com/coupons/printable/LAS-FUENTES-MEXICAN-GRILL/37504?slugId=1177773&vpref=vpcomLX,http://www.lasfuentesmexicangrill.com,http://www.valpak.com/img/slug/3173136801701.jpg,http://www.valpak.com/img/print/3173136801701.jpg,13621 N Litchfield Rd,Surprise,85379,(623)214-9256,Coupon for 1/2 Price Lunch at Las Fuentes Mexican Grill!,2013-04-18,"[""Buy 1 Lunch Entree and 2 Drinks and Get the 2nd of Equal or Lesser Value at 1/2 Price! Mon-Fri ONLY. No Cash Value."", ""One coupon per party."", ""With coupon only."", ""Coupons may not be combined with any other offer."", ""Coupon void if altered.""]"
CACTUS MOON,1186134,108,722,FOODSERVICES & DRINKING PLACES,2013-12-31,http://www.valpak.com/coupons/printable/CACTUS-MOON/24294?slugId=1186134&vpref=vpcomLX,http://www.cactusmoonmesa.com,http://www.valpak.com/img/slug/3177135051401.jpg,http://www.valpak.com/img/print/3177135051401.jpg,1017 N. DOBSON RD,Mesa,85201,(480)833-2226,$5 OFF Any Purchase of $20 or more,2013-04-18,"[{}, ""Coupons may not be combined with any other offer."", ""With Valpak® coupon only."", ""Coupon void if altered.""]"
HIBACHI GRILL,1180382,108,72211ABB,FULL-SVC RSTRNTS - CHINESE,2014-04-30,http://www.valpak.com/coupons/printable/HIBACHI-GRILL/23414?slugId=1180382&vpref=vpcomLX,,http://www.valpak.com/img/slug/3173134914001.jpg,http://www.valpak.com/img/print/3173134914001.jpg,"2929 North 75th Ave, Ste 17",Phoenix,85033,(623)849-3333,Coupon for $1 OFF Adult Buffet!,2013-04-18,"[""Coupon only Valid at Hibachi Grill located on 75th ave."", ""With coupon only."", ""Not valid with any other offer."", ""Coupon void if altered.""]"
CANDY CORRAL,1111049,108,4452BBB,SPECIALTY FOOD STORES - PREPARED FOODS,2013-12-31,http://www.valpak.com/coupons/printable/CANDY-CORRAL/53567?slugId=1111049&vpref=vpcomLX,,http://www.valpak.com/img/slug/3175137010801.jpg,http://www.valpak.com/img/print/3175137010801.jpg,3902 N. Brown Ave,Scottsdale,85251,(480)946-3170,$5 OFF Any Purchase of $25 or more,2013-04-18,"[{}, ""Not valid with any other offer."", ""With Valpak® coupon only."", ""Must present coupon at time of purchase."", ""Coupon void if altered.""]"
JP PANCAKE,979247,108,72211AAF,FULL-SVC RSTRNTS - BREAKFAST,2013-09-30,http://www.valpak.com/coupons/printable/JP-PANCAKE/38469?slugId=979247&vpref=vpcomLX,,http://www.valpak.com/img/slug/3177131034301.jpg,http://www.valpak.com/img/print/3177131034301.jpg,3641 E Baseline Rd,Gilbert,85234,(480)539-4435,15% OFF Total Bill (Mon-Fri only),2013-04-18,"[{}, ""One coupon per party."", ""Not valid with any other offer."", ""Coupon void if altered.""]"
NEW CHINA BUFFET,1171998,108,72211ABB,FULL-SVC RSTRNTS - CHINESE,2014-01-31,http://www.valpak.com/coupons/printable/NEW-CHINA-BUFFET/26736?slugId=1171998&vpref=vpcomLX,,http://www.valpak.com/img/slug/3173135364901.jpg,http://www.valpak.com/img/print/3173135364901.jpg,10801 Grand Ave,Sun City,85351,(623)875-6636,15% OFF Entire Purchase at New China Buffet! Click Here for Details.,2013-04-18,"[""Excludes Drinks and Taxes. Discount only valid at this New China Buffet."", ""With coupon only."", ""Coupons may not be combined with any other offer."", ""With Valpak® coupon only."", ""Coupon void if altered.""]"
TWISTED CULTURES,1164666,108,722213AAG,SNACK & NONALCOHOLIC BEVERAGE BARS-YOGURT,2013-04-30,http://www.valpak.com/coupons/printable/TWISTED-CULTURES/65786?slugId=1164666&vpref=vpcomLX,http://www.twistedcultures.com,http://www.valpak.com/img/slug/3173140074601.jpg,http://www.valpak.com/img/print/3173140074601.jpg,9240 W. NORTHERN AVE,Glendale,85305,(623)877-8866,"Yogurt Coupon- Buy one Yogurt, get one 50% OFF!",2013-04-18,"[""Equal or lesser value.Coupon only accepted at: Twisted Cultures Yogurt Bar located at 9240 West Northern Avenue Glendale, AZ 85305 Come in today!"", ""Coupons may not be combined with any other offer."", ""With Valpak® coupon only."", ""Coupon void if altered.""]"
"TED'S HOT DOGS OF TEMPE, ARIZONA",1179714,108,722211AAK,LIMITED-SVC RSTRNTS - MISC LIMITED-SVC RSTRNTS,2013-12-31,http://www.valpak.com/coupons/printable/TEDS-HOT-DOGS-OF-TEMPE-ARIZO/69265?slugId=1179714&vpref=vpcomLX,http://www.tedsonline.com,http://www.valpak.com/img/slug/3403133296301.jpg,http://www.valpak.com/img/print/3403133296301.jpg,1755 E Broadway Rd,Tempe,85282,(716)691-3731,Hot Dog Coupon-BOGO Ted's Hot Dogs.,2013-04-18,"[""LIMIT ONE REGULAR SIZE HOT DOG PER COUPON."", ""Good at participating locations."", ""One coupon per customer."", ""One coupon per party."", ""With coupon only."", ""Coupons may not be combined with any other offer."", ""Not valid with any other offer."", ""Not valid with any other coupon."", ""With Valpak® coupon only."", ""Must present coupon at time of order."", ""Coupon void if altered.""]"
MR. GOODCENTS,1178961,108,722211AAJ,LIMITED-SVC RSTRNTS - SUBS,2013-12-31,http://www.valpak.com/coupons/printable/MR-GOODCENTS/69108?slugId=1178961&vpref=vpcomLX,http://www.goodcentssubs.com,http://www.valpak.com/img/slug/3173140551001.jpg,http://www.valpak.com/img/print/3173140551001.jpg,16572 W. Greenway Rd,Suprise,85388,(623)243-7827,Coupon for a FREE Half Sub at Goodcents Deli Fresh Subs!,2013-04-18,"[""With the Purchase half sub of equal or greater value and a regular drink. Discount only valid at Goodcents deli fresh subs located at 16572 W. Greenway Rd Surprisen AZ"", ""Coupon void if altered.""]"
ANAYA'S,1159209,108,72211AAO,FULL-SVC RSTRNTS - MEXICAN,2014-03-31,http://www.valpak.com/coupons/printable/ANAYAS/64637?slugId=1159209&vpref=vpcomLX,http://anayasfreshmexicanrestaurant.com/,http://www.valpak.com/img/slug/3173139920101.jpg,http://www.valpak.com/img/print/3173139920101.jpg,9240 N 43RD AVE,Glendale,85302,(623)243-2504,Coupon for Anaya's Fresh Mexican Restaurant- 50% OFF!,2013-04-18,"[""Buy One Entree (Breakfast, Lunch or Dinner) Get one of Equal or Lesser Value Half off. With purchase of 2 beverages. Discount Valid only at: Anaya's located 9240 N. 43rd Ave. Glendale, AZ 85302"", ""One coupon per party."", ""Not valid with any other offer."", ""With Valpak® coupon only."", ""Coupon void if altered.""]"
RED DEVIL ITALIAN & PIZZA RESTAURANT,1186072,108,72211AAD,FULL-SVC RSTRNTS - PIZZA,2014-03-30,http://www.valpak.com/coupons/printable/RED-DEVIL-ITALIAN-RESTAURANT/46788?slugId=1186072&vpref=vpcomLX,http://www.reddevilrestaurant.com,http://www.valpak.com/img/slug/3173136523801.jpg,http://www.valpak.com/img/print/3173136523801.jpg,3004 E Bell Rd,Phoenix,85032,(602)493-0009,Italian Restaurant Catering Coupon!,2013-04-18,"[""Includes 1 full pan lasagna, 1 full pan garden salad & 24 Italian rolls for $126.99 in Phoenix AZ. Plates, napkins, plastic wear, butter & 2 salad dressings included. Delivery fee & tax not included."", ""One coupon per party."", ""With coupon only."", ""Not valid with any other coupon."", ""Must present coupon at time of order."", ""Coupon void if altered.""]"
#1 BROTHERS PIZZA (HAPPY VALLEY RD),1173499,108,72211AAD,FULL-SVC RSTRNTS - PIZZA,2014-02-28,http://www.valpak.com/coupons/printable/1-BROTHERS-PIZZA-HAPPY-VALLE/67872?slugId=1173499&vpref=vpcomLX,http://www.onebrotherspizza.com/onebrotherspizza.com/Main.html,http://www.valpak.com/img/slug/vpcomSlug.gif,http://www.valpak.com/img/print/vpcomPrint.gif,9815 W HAPPY VALLEY RD,Peoria,85383,(623)572-5577,Pizza Restaurant Coupon- FREE Dinner Salad or Small Appetizer!,2013-04-18,"[""(With Purchase of Daily Special). Excludes Wings. Discount only valid at #1 Brothers Pizza Located: 9815 W Happy Valley Rd Peoria, AZ"", ""One coupon per customer."", ""Coupons may not be combined with any other offer."", ""With Valpak® coupon only."", ""Coupon void if altered.""]"
Shangri La,1178580,108,72211ABB,FULL-SVC RSTRNTS - CHINESE,2014-03-31,http://www.valpak.com/coupons/printable/Shangri-La/4591?slugId=1178580&vpref=vpcomLX,,http://www.valpak.com/img/slug/3173126993401.jpg,http://www.valpak.com/img/print/3173126993401.jpg,2855 WEST CACTUS ROAD,Phoenix,85029,(602)993-3279,Coupon-FREE A La Carte Chicken With Order of $45 or More @ Shangri La!,2013-04-18,"[""Pick-Up Order ONLY ($9 value) Not Valid on #61. Mention Coupon When Ordering. Excludes Holidays."", ""One coupon per party."", ""Not valid with any other offer."", ""Coupon void if altered.""]"
PHO HIEN RESTAURANT,1187886,108,72211AAZ,FULL-SVC RSTRNTS - VIETNAMESE,2013-12-31,http://www.valpak.com/coupons/printable/PHO-HIEN-RESTAURANT/36721?slugId=1187886&vpref=vpcomLX,,http://www.valpak.com/img/slug/3177134342901.jpg,http://www.valpak.com/img/print/3177134342901.jpg,502 S. DOBSON RD. #3,Mesa,85202,(480)306-8902,20% OFF Total Check with $20 Minimum Purchase,2013-04-18,"[{}, ""With coupon only."", ""Coupons may not be combined with any other offer."", ""Coupon void if altered.""]"
China City Super Buffet,1187066,108,72211ABB,FULL-SVC RSTRNTS - CHINESE,2013-12-31,http://www.valpak.com/coupons/printable/China-City-Super-Buffet/36025?slugId=1187066&vpref=vpcomLX,,http://www.valpak.com/img/slug/3177131031901.jpg,http://www.valpak.com/img/print/3177131031901.jpg,2235 S. POWER RD,Mesa,85209,(480)807-6688,10% OFF Entire Bill,2013-04-18,"[{}, ""One coupon per party."", ""With coupon only."", ""Not valid with any other offer."", ""Coupon void if altered.""]"
Little Caesars Pizza,1185737,108,72211AADLIC,FULL-SVC RSTRNTS - PIZZA - (LITTLE CAESARS),2013-12-31,http://www.valpak.com/coupons/printable/Little-Caesars-Pizza/38954?slugId=1185737&vpref=vpcomLX,http://www.littlecaesars.com,http://www.valpak.com/img/slug/3177131035201.jpg,http://www.valpak.com/img/print/3177131035201.jpg,730 E. BROWN RD,Mesa,,(480)898-7611,Crazy Combo $1.99 - Crazy Bread & Crazy Sauce,2013-04-18,"[{}, ""With Valpak® coupon only."", ""Coupon void if altered.""]"
Toso's Sports Bar and Grill,1170381,108,72241AAB,DRINKING PLACES (ALCOHOLIC BEVERAGES) - PUBS,2013-07-30,http://www.valpak.com/coupons/printable/Tosos-Sports-Bar-Grill/67120?slugId=1170381&vpref=vpcomLX,,http://www.valpak.com/img/slug/3173140239101.jpg,http://www.valpak.com/img/print/3173140239101.jpg,2401 W UNION HILLS DR,Phoenix,85027,(602)896-8676,Food and Drink Coupon- $5.00 OFF Any Purchase of $25 or More!,2013-04-18,"[""Discount only Accepted at Toso's Sports Bar and Grill located: 2401 W. Union Hills Dr. Phoenix, AZ 85027"", ""Not valid with any other coupon."", ""With Valpak® coupon only."", ""Must present coupon at time of order."", ""Coupon void if altered.""]"
RED DEVIL ITALIAN RESTAURANT & PIZZERIA,1098891,108,72211AAD,FULL-SVC RSTRNTS - PIZZA,2014-04-30,http://www.valpak.com/coupons/printable/RED-DEVIL-ITALIAN-RESTAURANT/46760?slugId=1098891&vpref=vpcomLX,http://www.reddevilrestaurant.com,http://www.valpak.com/img/slug/3173136523801.jpg,http://www.valpak.com/img/print/3173136523801.jpg,3102 E McDowell Rd,Phoenix,85008,(602)275-5961,Italian Restaurant Catering Coupon!,2013-04-18,"[""Includes 1 full pan lasagna, 1 full pan garden salad & 24 Italian rolls for $126.99 in Phoenix AZ. Plates, napkins, plastic wear, butter & 2 salad dressings included. Delivery fee & tax not included."", ""One coupon per party."", ""With coupon only."", ""Not valid with any other coupon."", ""Must present coupon at time of order."", ""Coupon void if altered.""]"
Shish Kabob's & Gyros,1185787,108,72211AAA,FULL-SVC RSTRNTS - GREEK FOOD PRODS,2013-12-31,http://www.valpak.com/coupons/printable/Shish-Kabobs-Gyros/38958?slugId=1185787&vpref=vpcomLX,,http://www.valpak.com/img/slug/3177131035801.jpg,http://www.valpak.com/img/print/3177131035801.jpg,9619 N. HAYDEN RD. #106,Scottsdale,85258,(480)367-2113,50% OFF,2013-04-18,"[""Buy 1 Gyro Sandwich, Get 2nd 50% OFF."", ""One coupon per customer."", ""With coupon only."", ""Coupon void if altered.""]"
Tim Finnegans,1185807,108,72211AAU,FULL-SVC RSTRNTS - FULL-SVC RSTRNTS,2013-12-31,http://www.valpak.com/coupons/printable/Tim-Finnegans/38964?slugId=1185807&vpref=vpcomLX,,http://www.valpak.com/img/slug/3177131036501.jpg,http://www.valpak.com/img/print/3177131036501.jpg,9201 N. 29TH AVE,Phoenix,85051,(602)997-2323,FREE Corned Beef Taquito Appetizer,2013-04-18,"[""with purchase of 3 cocktails or beers."", ""Coupons may not be combined with any other offer."", ""With Valpak® coupon only."", ""Coupon void if altered.""]"
LAKESIDE BAR AND GRILL,1143277,108,72241AAB,DRINKING PLACES (ALCOHOLIC BEVERAGES) - PUBS,2013-10-16,http://www.valpak.com/coupons/printable/LAKESIDE-BAR-AND-GRILL/61091?slugId=1143277&vpref=vpcomLX,http://www.LakesideBarAndGrillAZ.com,http://www.valpak.com/img/slug/3173139490601.jpg,http://www.valpak.com/img/print/3173139490601.jpg,9980 West Happy Valley Road,Peoria,85383,(623)566-1470,Coupon for Bar and Grill- WACKY WEDNESDAY SPECIAL $6.00!,2013-04-18,"[""Burgers, Chicken Tenders, Spaghetti and More! * Ask your Server for Details.  Bar and grill coupon accepted only at Lakeside Bar and Grill in Peoria Arizona. Coupon valid for dine-in only."", ""One coupon per party."", ""With coupon only."", ""Not valid with any other coupon."", ""Coupon void if altered.""]"
#1 BROTHER'S PIZZA CAVE CREEK,1140723,108,72211AAD,FULL-SVC RSTRNTS - PIZZA,2013-10-06,http://www.valpak.com/coupons/printable/1-BROTHERS-PIZZA-CAVE-CREEK/6258?slugId=1140723&vpref=vpcomLX,,http://www.valpak.com/img/slug/3173129597401.jpg,http://www.valpak.com/img/print/3173129597401.jpg,30845 North Cave Creek Rd,Phoenix,85331,(480)513-9399,Italian Restaurant Coupon - $14.99 for Any 2 Hot Plates!,2013-04-18,"[""Italian food coupon includes salad & bread with your choice of hot plate! Coupon for discount on Italian food accepted only at # 1 Brothers Pizza in Phoenix AZ!"", ""With coupon only."", ""Coupon void if altered.""]"
SATORI SUSHI,1189118,108,72211AAM,FULL-SVC RSTRNTS - JAPANESE,2013-12-31,http://www.valpak.com/coupons/printable/SATORI-SUSHI/39039?slugId=1189118&vpref=vpcomLX,,http://www.valpak.com/img/slug/3177131040201.jpg,http://www.valpak.com/img/print/3177131040201.jpg,"10115 E. BELL RD. , #109",Scottsdale,85260,(480)419-6676,$5 OFF Total Check of $40 or more,2013-04-18,"[""tax not included. Dine in only. One coupon per table."", ""Not valid with any other offer."", ""Coupon void if altered.""]"
FAT FREDDY'S CATERING,1192957,108,72232,CATERERS - CATERERS,2013-12-31,http://www.valpak.com/coupons/printable/FAT-FREDDYS-CATERING/2645?slugId=1192957&vpref=vpcomLX,http://www.fatfreddyscatering.com,http://www.valpak.com/img/slug/3177131038101.jpg,http://www.valpak.com/img/print/3177131038101.jpg,,,,(623)580-4653,FREE Delivery - 1st order,2013-04-18,"[""Drop off or full service."", ""Not valid with any other offer."", ""With Valpak® coupon only."", ""Coupon void if altered.""]"
OLD TOWN CREAMERY,1185743,108,722213AAE,SNACK & NONALCOHOLIC BEVERAGE BARS-ICE CREAM PARLOR,2013-12-31,http://www.valpak.com/coupons/printable/OLD-TOWN-CREAMERY/24909?slugId=1185743&vpref=vpcomLX,http://www.facebook.com/oldtowncreamery,http://www.valpak.com/img/slug/3177135133201.jpg,http://www.valpak.com/img/print/3177135133201.jpg,3902 N Brown Ave Ste 101,Scottsdale,85251,(480)423-7411,"FREE! Buy 1 large Gelato, get a small Gelato FREE",2013-04-18,"[{}, ""Coupons may not be combined with any other offer."", ""With Valpak® coupon only."", ""Coupon void if altered.""]"
KATANA SUSHI,1193041,108,72211AAP,FULL-SVC RSTRNTS - ORIENTAL,2013-12-31,http://www.valpak.com/coupons/printable/KATANA-SUSHI/39029?slugId=1193041&vpref=vpcomLX,https://www.facebook.com/pages/Katana-Sushi-Grill-in-Fountain-Hills/163333120353890,http://www.valpak.com/img/slug/3177131039401.jpg,http://www.valpak.com/img/print/3177131039401.jpg,16425 E. PALISADES BLVD,Fountain Hills,85268,(480)837-2399,$5.00 OFF Total Check of $25 or more,2013-04-18,"[""Tax not included. Dine-In Only."", ""Not valid with any other offer."", ""Coupon void if altered.""]"
RED DEVIL ITALIAN & PIZZERIA RESTAURANT,1186071,108,72211AAD,FULL-SVC RSTRNTS - PIZZA,2014-03-30,http://www.valpak.com/coupons/printable/RED-DEVIL-ITALIAN-RESTAURANT/46767?slugId=1186071&vpref=vpcomLX,http://www.reddevilrestaurant.com,http://www.valpak.com/img/slug/3173136523801.jpg,http://www.valpak.com/img/print/3173136523801.jpg,208 W Southern Ave,Tempe,85282,(480)968-3505,Italian Restaurant Catering Coupon!,2013-04-18,"[""Includes 1 full pan lasagna, 1 full pan garden salad & 24 Italian rolls for $126.99 in Tempe AZ. Plates, napkins, plastic wear, butter & 2 salad dressings included. Delivery fee & tax not included."", ""One coupon per party."", ""With coupon only."", ""Not valid with any other coupon."", ""Must present coupon at time of order."", ""Coupon void if altered.""]"
ORANGE LEAF SELF SERVE FROZEN YOGURT,1193020,108,722213AAG,SNACK & NONALCOHOLIC BEVERAGE BARS-YOGURT,2013-12-31,http://www.valpak.com/coupons/printable/ORANGE-LEAF-SELF-SERVE-FROZEN/36676?slugId=1193020&vpref=vpcomLX,http://www.orangeleafyogurt.com,http://www.valpak.com/img/slug/3177135030601.jpg,http://www.valpak.com/img/print/3177135030601.jpg,4810 E. RAY RD.,Ahwatukee,85044,(480)753-9402,"Buy 1 Yogurt, Get 2nd 50% OFF",2013-04-18,"[""equal or lesser value."", ""One coupon per customer."", ""Not valid with any other offer."", ""With Valpak® coupon only."", ""Coupon valid at this location only."", ""Coupon void if altered.""]"
Temptations Cafe,1185793,108,72211AAU,FULL-SVC RSTRNTS - FULL-SVC RSTRNTS,2013-12-31,http://www.valpak.com/coupons/printable/Temptations-Cafe/38959?slugId=1185793&vpref=vpcomLX,,http://www.valpak.com/img/slug/3177131036101.jpg,http://www.valpak.com/img/print/3177131036101.jpg,8322 E. McDOWELL RD,Scottsdale,85257,(480)947-2198,"Buy 1 Specialty Sandwich, get one Half Off",2013-12-31,"[""Of equal or lesser value. Dine-In only."", ""Coupon void if altered.""]"
DEVIL'S KITCHEN,1188323,108,7221,FULL-SERVICE RESTAURANTS,2013-12-31,http://www.valpak.com/coupons/printable/DEVILS-KITCHEN/71444?slugId=1188323&vpref=vpcomLX,,http://www.valpak.com/img/slug/3177140954901.jpg,http://www.valpak.com/img/print/3177140954901.jpg,393 W WARNER RD,Chandler,85225,(480)855-0300,FREE - Buy One Entree - Get the 2nd One,2013-04-18,"[""with the purchase of two beverages"", ""One coupon per party."", ""With coupon only."", ""Coupons may not be combined with any other offer."", ""Coupon void if altered.""]"
AMORE PIZZA,1193039,108,72211AAD,FULL-SVC RSTRNTS - PIZZA,2013-12-31,http://www.valpak.com/coupons/printable/AMORE-PIZZA/39012?slugId=1193039&vpref=vpcomLX,http://www.amorepizzasubswings.com,http://www.valpak.com/img/slug/3177135165901.jpg,http://www.valpak.com/img/print/3177135165901.jpg,10101 E BELL RD.,Scottsdale,85260,(480)585-3150,FREE PIZZA,2013-04-18,"[""Buy any 12\"" pizza at regular price & receive a 12\"" cheese pizza FREE. Pick up only. Extra toppings $1.95 each"", ""With coupon only."", ""Not valid with any other offer."", ""Coupon void if altered.""]"
PICADILLY SQUARE,1187909,108,722211AAA,LIMITED-SVC RSTRNTS - DELI/BAKERY,2013-12-31,http://www.valpak.com/coupons/printable/PICADILLY-SQUARE/39006?slugId=1187909&vpref=vpcomLX,http://www.poppyshomedecoraz.com/picadilly-square/,http://www.valpak.com/img/slug/3177135132601.jpg,http://www.valpak.com/img/print/3177135132601.jpg,7143 E. Southern Ave.,Mesa,85209,(480)324-1800,FREE 24oz. Beverage,2013-04-18,"[""with the purchase of any soup, salad or sandwich"", ""Coupons may not be combined with any other offer."", ""With Valpak® coupon only."", ""Coupon void if altered.""]"
PIZZA RE,1185746,108,72211AAD,FULL-SVC RSTRNTS - PIZZA,2013-12-31,http://www.valpak.com/coupons/printable/PIZZA-RE/30282?slugId=1185746&vpref=vpcomLX,http://www.pizza-re.com,http://www.valpak.com/img/slug/3177135860401.jpg,http://www.valpak.com/img/print/3177135860401.jpg,2902 N. 68TH ST,Scottsdale,85251,(480)949-6838,$5 OFF Any Pie,2013-04-18,"[{}, ""One coupon per customer."", ""Coupons may not be combined with any other offer."", ""With Valpak® coupon only."", ""Coupon void if altered.""]"
DAIRY QUEEN,1175763,108,722213AAEDAQ,SNACK & NONALCOHOLIC BEVERAGE BARS-ICE CREAM PARLOR (DAIRY QUEEN),2014-02-28,http://www.valpak.com/coupons/printable/DAIRY-QUEEN/41694?slugId=1175763&vpref=vpcomLX,,http://www.valpak.com/img/slug/3173137358801.jpg,http://www.valpak.com/img/print/3173137358801.jpg,4751 E Warner Rd,Phoenix,85044,(480)598-1996,Coupon for FREE Blizzard at Dairy Queen!,2013-04-18,"[""Buy 1 Blizzard 16 oz or larger and get the 2nd of equal or lesser value free!"", ""With coupon only."", ""Coupons may not be combined with any other offer."", ""Not valid on mobile site."", ""Coupon void if altered.""]"
UNCLE TONY'S NY PIZZA,1176722,108,72211AAD,FULL-SVC RSTRNTS - PIZZA,2014-02-28,http://www.valpak.com/coupons/printable/UNCLE-TONYS-NY-PIZZA/68500?slugId=1176722&vpref=vpcomLX,http://uncletonysnypizza.com/,http://www.valpak.com/img/slug/3173140462401.jpg,http://www.valpak.com/img/print/3173140462401.jpg,7830 N 19TH AVE,Phoenix,85021,(602)544-1000,Pizza Coupon- Large 1 Item Pizza Only  $10.99!,2013-04-18,"[""Extra Toppings $1.50 each. Pizza Discount only valid at Uncle Tony's N.Y Style Pizza located at: 7830 N 19th Avenue Phoenix, AZ 85021"", ""With Valpak® coupon only."", ""Must present coupon at time of order."", ""Coupon void if altered.""]"
MIX 'N' LIX YOGURT,1189113,108,722213AAG,SNACK & NONALCOHOLIC BEVERAGE BARS-YOGURT,2013-12-31,http://www.valpak.com/coupons/printable/MIX-N-LIX-YOGURT/39031?slugId=1189113&vpref=vpcomLX,http://www.mixnlixyogurt.com,http://www.valpak.com/img/slug/3177135625301.jpg,http://www.valpak.com/img/print/3177135625301.jpg,9301 E Shea Blvd Ste 110,Scottsdale,85260,(480)588-5888,FREE YOGURT,2013-04-18,"[""Buy one yogurt at regular price & get the second yogurt of equal or lesser value for free!"", ""One coupon per customer."", ""One coupon per party."", ""With coupon only."", ""Coupons may not be combined with any other offer."", ""Not valid with any other offer."", ""Not valid with any other coupon."", ""With Valpak® coupon only."", ""Must present coupon at time of order."", ""Must present coupon at time of purchase."", ""Not valid on mobile site."", ""Coupon void if altered.""]"
HIBACHI GRILL & SUPREME BUFFET,1178588,108,72211ABB,FULL-SVC RSTRNTS - CHINESE,2014-05-31,http://www.valpak.com/coupons/printable/HIBACHI-GRILL-SUPREME-BUFFET/20540?slugId=1178588&vpref=vpcomLX,,http://www.valpak.com/img/slug/3173134338201.jpg,http://www.valpak.com/img/print/3173134338201.jpg,10030 N Metro Pkwy E,Phoenix,85051,(602)749-8888,Coupon for $1 OFF Purchase of 1 Adult Buffet at Hibachi Grill!,2013-04-18,"[{}, ""With coupon only."", ""Not valid with any other offer."", ""Not valid on mobile site."", ""Coupon void if altered.""]"
FILIBERTO'S - THOMAS,1185732,108,722211AAF,LIMITED-SVC RSTRNTS - MEXICAN,2013-12-31,http://www.valpak.com/coupons/printable/FILIBERTOS---THOMAS/41217?slugId=1185732&vpref=vpcomLX,http://www.filibertos.com,http://www.valpak.com/img/slug/3177137299501.jpg,http://www.valpak.com/img/print/3177137299501.jpg,3923 E THOMAS RD,Phoenix,85018,(602)275-2676,"50% OFF! Buy one combo plate, Get one 1/2 OFF",2013-04-18,"[""lesser value prevails"", ""One coupon per customer."", ""Coupons may not be combined with any other offer."", ""With Valpak® coupon only."", ""Coupon valid at this location only."", ""Coupon void if altered.""]"
X-TAPA JOES,979289,108,72211AAO,FULL-SVC RSTRNTS - MEXICAN,2013-12-31,http://www.valpak.com/coupons/printable/X-TAPA-JOES/39052?slugId=979289&vpref=vpcomLX,,http://www.valpak.com/img/slug/3177131040101.jpg,http://www.valpak.com/img/print/3177131040101.jpg,7500 E. PINNACLE PEAK RD,Scottsdale,85255,(480)513-9000,FREE $5 Gift Card,2013-04-18,"[""with minimum purchase of $25. Gift card can be used on next visit."", ""Not valid with any other offer."", ""Coupon void if altered.""]"
Mandarin Chef,979231,108,72211AAP,FULL-SVC RSTRNTS - ORIENTAL,2013-09-30,http://www.valpak.com/coupons/printable/Mandarin-Chef/36028?slugId=979231&vpref=vpcomLX,http://www.mandarinchef888.com/restaurantweb/499/005/jin_e/default.asp,http://www.valpak.com/img/slug/3177131032501.jpg,http://www.valpak.com/img/print/3177131032501.jpg,4902 S. VAL VISTA DR,Gilbert,85298,(480)782-6678,10% OFF Total Bill,2013-04-18,"[""Does not include lunch or dinner specials"", ""One coupon per customer."", ""Not valid with any other offer."", ""Coupon void if altered.""]"
JASMINE ASIAN BUFFET,1090328,108,72211AAP,FULL-SVC RSTRNTS - ORIENTAL,2013-12-31,http://www.valpak.com/coupons/printable/JASMINE-ASIAN-BUFFET/42895?slugId=1090328&vpref=vpcomLX,http://www.jasminetokyo.com,http://www.valpak.com/img/slug/3177137534501.jpg,http://www.valpak.com/img/print/3177137534501.jpg,7000 E SHEA BLVD,Scottsale,85254,(480)991-0655,10% OFF Full Lunch or Dinner Buffet,2013-04-18,"[""Dine In Only. Cannot be combined with any other discounts or coupons. One coupon per table."", ""One coupon per customer."", ""One coupon per party."", ""With Valpak® coupon only."", ""Coupon void if altered.""]"
LUCKY'S PIZZA,1143250,108,72211AAD,FULL-SVC RSTRNTS - PIZZA,2013-10-16,http://www.valpak.com/coupons/printable/LUCKYS-PIZZA/61068?slugId=1143250&vpref=vpcomLX,http://www.luckyspizza3insurprise.com,http://www.valpak.com/img/slug/3173137410301.jpg,http://www.valpak.com/img/print/3173137410301.jpg,15508 West Bell Road,Surprise,85374,(623)584-2203,Pizza Coupon - 50% OFF Dinner!,2013-04-18,"[""Coupon for discount on Pizza dinner when you buy one of equal or greater value! Pizza Discount accepted only at Lucky's Pizza in Surprise Arizona."", ""Not valid with any other coupon."", ""With Valpak® coupon only."", ""Coupon void if altered.""]"
SUSHI CATCHER,1186897,108,72211AAM,FULL-SVC RSTRNTS - JAPANESE,2013-07-30,http://www.valpak.com/coupons/printable/SUSHI-CATCHER/71126?slugId=1186897&vpref=vpcomLX,,http://www.valpak.com/img/slug/vpcomSlug.gif,http://www.valpak.com/img/print/vpcomPrint.gif,6334 W. BELL RD,Glendale,85308,(623)748-8006,Sushi Coupon $5 OFF Any Purchase of $25.00 or More @ Sushi Catcher!,2013-04-18,"[""Coupon for Discount is only accepted at Sushi Catcher located at 6334 W. Bell Rd Glendale AZ 85308."", ""Coupons may not be combined with any other offer."", ""With Valpak® coupon only."", ""Coupon void if altered.""]"
Cavallieres Reatta Pass Steakhouse,1190588,108,72211AAW,FULL-SVC RSTRNTS - STEAK,2013-12-31,http://www.valpak.com/coupons/printable/Cavallieres-Reatta-Pass-Steakh/35976?slugId=1190588&vpref=vpcomLX,http://www.reatapass.com,http://www.valpak.com/img/slug/3177136118201.jpg,http://www.valpak.com/img/print/3177136118201.jpg,27500 N ALMA SCHOOL PARKWAY,Scottsdale,85262,(480)585-7277,Farmer's Market Every Sunday!,2013-04-18,"[{}, ""Coupon void if altered.""]"
SCHLOTZSKY'S,1051980,108,722211AALSCH,LIMITED-SVC RSTRNTS - DELI - (SCHLOTZKY'S),2013-06-30,http://www.valpak.com/coupons/printable/SCHLOTZSKYS/26992?slugId=1051980&vpref=vpcomLX,http://www.schlotzskys.com,http://www.valpak.com/img/slug/3177135391001.jpg,http://www.valpak.com/img/print/3177135391001.jpg,820 W Warner Rd Ste 112,Chandler,85225,(480)963-1121,$2 OFF Any Purchase of $10 or more,2013-04-18,"[""Limit 1 per person, per visit. Not valid with combo meal or kids meal. Good only with original coupon at participating Schlotzsky's restaurants."", ""Not valid with any other coupon."", ""Not valid on mobile site."", ""Coupon void if altered.""]"
HARVEY AMERICAN PUBLIC HOUSE,1192976,108,72211AAG,FULL-SVC RSTRNTS - FAMILY STYLE,2013-12-31,http://www.valpak.com/coupons/printable/HARVEY-AMERICAN-PUBLIC-HOUSE/62754?slugId=1192976&vpref=vpcomLX,http://www.harveyamerican.com,http://www.valpak.com/img/slug/3177139690501.jpg,http://www.valpak.com/img/print/3177139690501.jpg,1524 E WILLIAMS FIELD ROAD,Gilbert,85295,(480)821-9414,"FREE Lunch, Buy One & Get One Free",2013-04-18,"[""Buy One Lunch, Get One Free, Not to exceed $16. 18% gratuity added to bill prior to discount. Valid only with purchase of 2 beverages. Dine in only. Not valid with daily specials."", ""One coupon per party."", ""Not valid with any other coupon."", ""Must present coupon at time of order."", ""Coupon void if altered.""]"
ABACUS INN,1177696,108,72211ABB,FULL-SVC RSTRNTS - CHINESE,2014-02-28,http://www.valpak.com/coupons/printable/ABACUS-INN/13065?slugId=1177696&vpref=vpcomLX,http://www.theabacusinn.com,http://www.valpak.com/img/slug/3173132720801.jpg,http://www.valpak.com/img/print/3173132720801.jpg,3509 W Thunderbird Rd,Phoenix,85053,(602)938-0528,Coupon for 50% OFF Lunch or Dinner @ Abacus Inn!,2013-04-18,"[""Buy One-Get One 1/2 OFF of Equal or Lesser Value."", ""Must present coupon at time of order."", ""Coupon void if altered.""]"
FLANCERS,1045421,108,72211AAU,FULL-SVC RSTRNTS - FULL-SVC RSTRNTS,2013-06-30,http://www.valpak.com/coupons/printable/FLANCERS/36668?slugId=1045421&vpref=vpcomLX,http://www.flancers.com,http://www.valpak.com/img/slug/3177135025201.jpg,http://www.valpak.com/img/print/3177135025201.jpg,1902 N. HIGLEY RD,Mesa,85205,(480)396-0077,$2 OFF Total of $15 or more. $3 Off $25 or more,2013-04-18,"[""One coupon per table."", ""Coupons may not be combined with any other offer."", ""Not valid on mobile site."", ""Coupon void if altered.""]"
HUNGRY HOWIE'S,1193009,108,72211AADHOW,FULL-SVC RSTRNTS - PIZZA - (HUNGRY HOWIES),2013-12-31,http://www.valpak.com/coupons/printable/HUNGRY-HOWIES/36702?slugId=1193009&vpref=vpcomLX,http://www.hungryhowies.com,http://www.valpak.com/img/slug/3177135435701.jpg,http://www.valpak.com/img/print/3177135435701.jpg,1045 E Lemon St,Tempe,85281,(480)619-5422,$5 Large 1 Topping Pizza All Day Everyday,2013-04-18,"[""Free Flavored Crust! Order 3 or more & get them delivered."", ""Coupons may not be combined with any other offer."", ""With Valpak® coupon only."", ""Coupon valid at this location only."", ""Coupon void if altered.""]"
MESA GRILL CO,1193017,108,722,FOODSERVICES & DRINKING PLACES,2013-12-31,http://www.valpak.com/coupons/printable/MESA-GRILL-CO/36703?slugId=1193017&vpref=vpcomLX,,http://www.valpak.com/img/slug/3177135535901.jpg,http://www.valpak.com/img/print/3177135535901.jpg,4545 E Mckellips Rd Ste 108,Mesa,85215,(480)807-3500,50% OFF Entree when you buy 1st entree at regular price,2013-04-18,"[""Not valid with other advertised specials."", ""Not valid with any other coupon."", ""Must present coupon at time of purchase."", ""Coupon void if altered.""]"
ZAPPONES ITALIAN BISTRO,1173420,108,72211AAB,FULL-SVC RSTRNTS - ITALIAN,2013-12-31,http://www.valpak.com/coupons/printable/ZAPPONES-ITALIAN-BISTRO/67841?slugId=1173420&vpref=vpcomLX,http://www.zapponesbistro.com,http://www.valpak.com/img/slug/3177140343601.jpg,http://www.valpak.com/img/print/3177140343601.jpg,1652 N HIGLEY RD SUITE 103,Gilbert,85234,(480)218-2338,$10 OFF Any $30 Minimum Purchase,2013-04-18,"[{}, ""With coupon only."", ""Coupons may not be combined with any other offer."", ""Coupon void if altered.""]"
VIRES MEDIA (BLIMPIE PHOENIX),1183576,108,722211AAJBLP,LIMITED-SVC RSTRNTS - SUBS - (BLIMPIES),2013-06-13,http://www.valpak.com/coupons/printable/VIRES-MEDIA-BLIMPIE-PHOENIX/70406?slugId=1183576&vpref=vpcomLX,http://www.blimpie.com/,http://www.valpak.com/img/slug/vpcomSlug.gif,http://www.valpak.com/img/print/vpcomPrint.gif,414 W. Guadalupe Rd.,Mesa,85210,(480)813-2620,"Coupon for FREE 6"" Sub! ( With the purchase of a 6"" or 12"" Deli Sub)",2013-06-13,"[""Sub must be equal or lesser value (Excludes Value Menu). Customers must pay sales tax. Not Valid if sold, transferred or duplicated. BLIMPIE  is a registered trade mark of Kahala Franchising, L.L.C."", ""Good at participating locations."", ""One coupon per customer."", ""Not valid with any other offer."", ""Must present coupon at time of order."", ""Coupon void if altered.""]"
SILKES A FAMILY CAFE,1190573,108,72211AAU,FULL-SVC RSTRNTS - FULL-SVC RSTRNTS,2013-12-31,http://www.valpak.com/coupons/printable/SILKES-A-FAMILY-CAFE/38996?slugId=1190573&vpref=vpcomLX,,http://www.valpak.com/img/slug/3177132348201.jpg,http://www.valpak.com/img/print/3177132348201.jpg,2036 N. GILBERT RD. SUITE 6,Mesa,85203,(480)844-1506,20% OFF TOTAL BILL,2013-04-18,"[""limited time offer. Not valid on specials or kids meals. Excludes alcohol."", ""With coupon only."", ""Not valid with any other offer."", ""Coupon void if altered.""]"
RANCHO DE TIA ROSA,1192917,108,72211AAO,FULL-SVC RSTRNTS - MEXICAN,2013-12-31,http://www.valpak.com/coupons/printable/RANCHO-DE-TIA-ROSA/50465?slugId=1192917&vpref=vpcomLX,http://www.ranchodetiarosa.com,http://www.valpak.com/img/slug/3177138597401.jpg,http://www.valpak.com/img/print/3177138597401.jpg,891 N HIGLEY RD,Gilbert,85234,(480)396-8787,FREE Kids Meal - With One Paid Adult Entree,2013-04-18,"[""Coupon valid at 891 N. Higley Rd. location only."", ""With coupon only."", ""Coupons may not be combined with any other offer."", ""Coupon valid at this location only."", ""Coupon void if altered.""]"
YOGURTINI,1109897,108,722213AAG,SNACK & NONALCOHOLIC BEVERAGE BARS-YOGURT,2013-06-05,http://www.valpak.com/coupons/printable/YOGURTINI/53535?slugId=1109897&vpref=vpcomLX,http://www.yogurtini.com/,http://www.valpak.com/img/slug/3173138522201.jpg,http://www.valpak.com/img/print/3173138522201.jpg,14175 W Indian School Rd,Goodyear,85395,(623)234-4988,Frozen Yogurt Coupon - 15% OFF Entire Yogurt Purchase!,2013-04-18,"[""Coupon for discount on frozen yogurt accepted only at Yogurtini in Goodyear Arizona."", ""With coupon only."", ""Not valid with any other coupon."", ""Coupon valid at this location only."", ""Coupon void if altered.""]"
MINT THAI CAFE,1187076,108,72211AAY,FULL-SVC RSTRNTS - THAI,2013-12-31,http://www.valpak.com/coupons/printable/MINT-THAI-CAFE/36714?slugId=1187076&vpref=vpcomLX,,http://www.valpak.com/img/slug/3177131033501.jpg,http://www.valpak.com/img/print/3177131033501.jpg,"1111 N GILBERT RD., #101-103",Gilbert,85234,(480)497-5366,$3 OFF Lunch with order over $20,2013-04-18,"[""Beer & wine excluded."", ""One coupon per party."", ""With coupon only."", ""Coupon void if altered.""]"
RED DEVIL ITALIAN & PIZZERA RESTAURANT,1186083,108,72211AAD,FULL-SVC RSTRNTS - PIZZA,2014-03-30,http://www.valpak.com/coupons/printable/RED-DEVIL-PIZZA-BISTRO/46813?slugId=1186083&vpref=vpcomLX,http://www.reddevilrestaurant.com,http://www.valpak.com/img/slug/3173136523801.jpg,http://www.valpak.com/img/print/3173136523801.jpg,"18185 N 83rd Ave, Ste 113",Glendale,85308,(602)572-4700,Italian Restaurant Catering Coupon!,2013-04-18,"[""Includes 1 full pan lasagna, 1 full pan garden salad & 24 Italian rolls for $126.99. Plates, napkins, plastic ware, butter & 2 salad dressings included in Glendale AZ. Delivery fee & tax not included."", ""One coupon per party."", ""With coupon only."", ""Not valid with any other coupon."", ""Must present coupon at time of order."", ""Coupon void if altered.""]"
THE EGG I AM,1185802,108,72211AAF,FULL-SVC RSTRNTS - BREAKFAST,2013-12-31,http://www.valpak.com/coupons/printable/THE-EGG-I-AM/38918?slugId=1185802&vpref=vpcomLX,,http://www.valpak.com/img/slug/3177136993801.jpg,http://www.valpak.com/img/print/3177136993801.jpg,10155 E VIA LINDA,Scottsdale,85258,(480)451-3447,1/2 OFF Purchase 1 Entree & Receive 50% off your 2nd Entree,2013-04-18,"[""Monday-Friday Only."", ""One coupon per party."", ""Coupons may not be combined with any other offer."", ""With Valpak® coupon only."", ""Coupon void if altered.""]"
Dickeys Barbecue Pit,1185770,108,72211ABC,FULL-SVC RSTRNTS - BARBECUE,2013-12-31,http://www.valpak.com/coupons/printable/Dickeys-Barbecue-Pit/38794?slugId=1185770&vpref=vpcomLX,,http://www.valpak.com/img/slug/3177131034801.jpg,http://www.valpak.com/img/print/3177131034801.jpg,7337 E. SHEA BLVD,Scottsdale,85260,(480)368-5569,"Sandwich Combo: Sandwich, Side & Drink $6.49",2013-04-18,"[""Offer good only at Scottsdale location. Not valid with any other promos, coupons, offers or daily specials."", ""Not valid on mobile site."", ""Coupon void if altered.""]"
WINDY CITY CAFE,1175819,108,7221,FULL-SERVICE RESTAURANTS,2014-02-28,http://www.valpak.com/coupons/printable/WINDY-CITY-CAFE/34749?slugId=1175819&vpref=vpcomLX,http://www.windycitycafetempe.com,http://www.valpak.com/img/slug/3173136493301.jpg,http://www.valpak.com/img/print/3173136493301.jpg,1815 E Elliot Rd,Tempe,85284,(480)345-2233,Restaurant Coupon- 10% OFF Breakfast at Windy City Cafe in Tempe!,2013-04-18,"[""Discount valid only at Windy City Cafe in Tempe, Arizona! Buy 1 breakfast entree, get 1 of equal or lesser value HALF OFF!"", ""With coupon only."", ""Coupons may not be combined with any other offer."", ""Coupon void if altered.""]"
PAPA MURPHY'S SURPRISE,1178565,108,72211AADPAP,FULL-SVC RSTRNTS - PIZZA - (PAPA MURPHYS),2014-03-31,http://www.valpak.com/coupons/printable/PAPA-MURPHYS/35362?slugId=1178565&vpref=vpcomLX,With Minimum $20.00 Purchase,http://www.valpak.com/img/slug/3173136546501.jpg,http://www.valpak.com/img/print/3173136546501.jpg,"15557 W Bell Rd, #407",Surprise,85374,(623)214-4888,$11 Coupon for Large Stuffed Pizza at Papa Murphy's!,2013-04-18,"[""$2 more for family size. Limited time only. Limit 3 pizzas. Coupon cannot be sold, transferred or duplicated."", ""With coupon only."", ""Not valid with any other offer."", ""Coupon valid at this location only."", ""Coupon void if altered.""]"
"SALERNO'S RESTAURANT, CARRY OUT & CATERING",1185782,108,72211AAD,FULL-SVC RSTRNTS - PIZZA,2013-12-31,http://www.valpak.com/coupons/printable/SALERNOS-RESTAURANT-PIZZERIA/7636?slugId=1185782&vpref=vpcomLX,http://www.salernospizzaaz.com,http://www.valpak.com/img/slug/3177130081801.jpg,http://www.valpak.com/img/print/3177130081801.jpg,3921 E. GUADALUPE RD,Gilbert,85234,(480)892-0040,$7.50 Lunch Specials! Tuesday - Saturday 11am-2pm,2013-04-18,"[""huge selection of sandwiches, homemade baked pastas & more! Choice of soup, dinner salad, garlic bread or French fries."", ""Coupon void if altered.""]"
Cogburn's Big Wings,1190589,108,722211AAB,LIMITED-SVC RSTRNTS - CHICKEN,2013-12-31,http://www.valpak.com/coupons/printable/Cogburns-Big-Wings/39728?slugId=1190589&vpref=vpcomLX,http://www.cogburnsbar.com,http://www.valpak.com/img/slug/3177137081101.jpg,http://www.valpak.com/img/print/3177137081101.jpg,4902 S. Val Vista Dr.,Gilbert,85298,(480)855-3288,$5 OFF Any Order of $20 or more,2013-04-18,"[""Does not include tax or alcohol."", ""One coupon per customer."", ""One coupon per party."", ""Not valid with any other offer."", ""With Valpak® coupon only."", ""Coupon void if altered.""]"
CHIZONA'S PIZZA,1191113,108,72211AAD,FULL-SVC RSTRNTS - PIZZA,2013-12-31,http://www.valpak.com/coupons/printable/CHIZONAS-PIZZA/72192?slugId=1191113&vpref=vpcomLX,,http://www.valpak.com/img/slug/3177141070001.jpg,http://www.valpak.com/img/print/3177141070001.jpg,8418 E Mcdonald Dr,Scottsdale,85250,(480)596-9797,"$16.95 - 2 Medium 14"" Cheese Pizzas",2013-04-18,"[""Additional toppings $1.75 each"", ""Must present coupon at time of order."", ""Coupon void if altered.""]"
PAPA MURPHY'S AVONDALE,1178558,108,722211,LIMITED-SERVICE RESTAURANTS,2014-03-31,http://www.valpak.com/coupons/printable/PAPA-MURPHYS/42063?slugId=1178558&vpref=vpcomLX,http://www.papamurphys.com,http://www.valpak.com/img/slug/3173137410201.jpg,http://www.valpak.com/img/print/3173137410201.jpg,1809 N Dysart Rd,Avondale,85392,(623)935-7117,Coupon for $3 OFF Family Size Pizza or $2 OFF Large Pizza!,2013-04-18,"[""Papa Murphy's in Avondale, AZ. For limited time. Limit 3."", ""With Valpak® coupon only."", ""Coupon valid at this location only."", ""Coupon void if altered.""]"
Piza Pizza,1185745,108,72211AAD,FULL-SVC RSTRNTS - PIZZA,2013-12-31,http://www.valpak.com/coupons/printable/Piza-Pizza/38956?slugId=1185745&vpref=vpcomLX,,http://www.valpak.com/img/slug/3177131035601.jpg,http://www.valpak.com/img/print/3177131035601.jpg,7049 E. McDOWELL RD,Scottsdale,85257,(480)946-2927,"16"" X-LRG PIZZA W/2 TOPPINGS, 20 WINGS & 2 LITER $16.99",2013-12-31,"[""limited delivery area."", ""With coupon only."", ""Not valid with any other coupon."", ""Coupon void if altered.""]"
PANDA GARDEN,1190584,108,72211AAP,FULL-SVC RSTRNTS - ORIENTAL,2013-12-31,http://www.valpak.com/coupons/printable/PANDA-GARDEN/35999?slugId=1190584&vpref=vpcomLX,http://www.pandagardenaz.com,http://www.valpak.com/img/slug/3177136497401.jpg,http://www.valpak.com/img/print/3177136497401.jpg,4730 E. WARNER RD.,Phoenix,85044,(480)598-9018,Dine-In Special Buy 1 Dinner Entree Receive 1 entree 1/2 OFF,2013-04-18,"[""of equal or lesser value"", ""With coupon only."", ""Coupon void if altered.""]"
PING'S CAFE,1044792,108,72211ABB,FULL-SVC RSTRNTS - CHINESE,2013-06-30,http://www.valpak.com/coupons/printable/PINGS-CAFE/35955?slugId=1044792&vpref=vpcomLX,,http://www.valpak.com/img/slug/3177134990301.jpg,http://www.valpak.com/img/print/3177134990301.jpg,17115 E. SHEA BLVD.,Fountain Hills,85268,(480)816-1827,50% OFF Lunch or Dinner,2013-04-18,"[""Purchase any lunch or dinner at regualr price and receive the second of equal or lesser value at 1/2 Price. Limited time offer."", ""One coupon per party."", ""Coupons may not be combined with any other offer."", ""Coupon void if altered.""]"
COLD STONE CREAMERY,1185768,108,722213AAE,SNACK & NONALCOHOLIC BEVERAGE BARS-ICE CREAM PARLOR,2013-12-31,http://www.valpak.com/coupons/printable/COLD-STONE-CREAMERY/24590?slugId=1185768&vpref=vpcomLX,http://www.coldstonecreamery.com,http://www.valpak.com/img/slug/3177135089401.jpg,http://www.valpak.com/img/print/3177135089401.jpg,3330 S. McCLINTOCK DR,Tempe,85282,(480)650-1452,"FREE Buy 1 ""LOVE IT"" create your own size, get a ""LIKE IT"" size free",2013-04-18,"[""(1 scoop + 1 mix) Served in a cup, waffle products extra. No substitutions. One coupon per visit."", ""Coupons may not be combined with any other offer."", ""With Valpak® coupon only."", ""Coupon valid at this location only."", ""Coupon void if altered.""]"
KEEP IT SIMPLE RESTAURANT,1135954,108,7222,LIMITED-SERVICE RESTAURANTS,2013-09-18,http://www.valpak.com/coupons/printable/KEEP-IT-SIMPLE-RESTAURANT/59282?slugId=1135954&vpref=vpcomLX,,http://www.valpak.com/img/slug/3173139276901.jpg,http://www.valpak.com/img/print/3173139276901.jpg,13803 N 19th Ave,Phoenix,85023,(602)296-5935,Coupon for FREE Regular Drink With Any Food Purchase!,2013-04-18,"[""Coupon for FREE drink valid with purchase of any food at Keep It Simple Restaurant in Phoenix Arizona!"", ""One coupon per customer."", ""With coupon only."", ""Coupons may not be combined with any other offer."", ""Coupon void if altered.""]"
CORBIN'S BAR & GRILL,1165960,108,72241AAB,DRINKING PLACES (ALCOHOLIC BEVERAGES) - PUBS,2014-01-31,http://www.valpak.com/coupons/printable/CORBINS-BAR-GRILL/32243?slugId=1165960&vpref=vpcomLX,http://www.corbinsbarandgrill.com,http://www.valpak.com/img/slug/3173136124601.jpg,http://www.valpak.com/img/print/3173136124601.jpg,8729 N Central Ave,Phoenix,85020,(602)466-3201,Dinner or Lunch Special - FREE Entree at Corbin's Bar & Grill!,2013-04-18,"[""Buy one Entree and Two Beverages, and Receive one Entree of Equal or Lesser Value FREE! Max Value $10. One Coupon per Table. Not Valid with any Happy Hour Food or In-House Promotions. Come in Today!"", ""One coupon per party."", ""Coupons may not be combined with any other offer."", ""With Valpak® coupon only."", ""Not valid on mobile site."", ""Coupon void if altered.""]"
FAMOUS RAYS PIZZA,1019577,108,72211AAD,FULL-SVC RSTRNTS - PIZZA,2013-12-31,http://www.valpak.com/coupons/printable/FAMOUS-RAYS-PIZZA/26927?slugId=1019577&vpref=vpcomLX,http://www.rayspizzaaz.com,http://www.valpak.com/img/slug/3177133423401.jpg,http://www.valpak.com/img/print/3177133423401.jpg,1804 S. SIGNAL BUTTE RD.,Mesa,85209,(480)380-9446,50% OFF - Subs or Dinners,2013-04-18,"[""Buy and Sub or Dinner, get the second of equal or lesser value at 50% OFF"", ""One coupon per customer."", ""Coupons may not be combined with any other offer."", ""Not valid with any other offer."", ""With Valpak® coupon only."", ""Coupon void if altered.""]"
EMPIRE ASIAN BISTRO,1187931,108,72211ABB,FULL-SVC RSTRNTS - CHINESE,2013-12-31,http://www.valpak.com/coupons/printable/EMPIRE-ASIAN-BISTRO/50989?slugId=1187931&vpref=vpcomLX,,http://www.valpak.com/img/slug/3177138796501.jpg,http://www.valpak.com/img/print/3177138796501.jpg,7641 E Guadalupe Rd,Mesa,85212,(480)354-8958,"Buy 1, get 1 Half Off",2013-04-18,"[""Equal or lesser value. With purchase of 2 beverages."", ""One coupon per customer."", ""One coupon per party."", ""Coupons may not be combined with any other offer."", ""With Valpak® coupon only."", ""Must present coupon at time of order."", ""Coupon void if altered.""]"
MADRAS ANANDA BHAVAN,1172006,108,72211AAL,FULL-SVC RSTRNTS - INDIAN,2014-01-31,http://www.valpak.com/coupons/printable/MADRAS-ANANDA-BHAVAN/44299?slugId=1172006&vpref=vpcomLX,http://www.anandabhavanaz.com,http://www.valpak.com/img/slug/3173137739001.jpg,http://www.valpak.com/img/print/3173137739001.jpg,"3227 E Bell Rd, Ste D105",Phoenix,85032,(602)923-0743,"Restaurant Coupon-50% OFF Coupon-Buy 1 Buffet, Get 2nd Buffet 50% OFF!",2013-04-18,"[""Buffet Coupon valid at Madras Ananda Bhavan Indian Food in Phoenix, AZ only. Mon-Wed only."", ""One coupon per customer."", ""With coupon only."", ""Not valid with any other coupon."", ""Coupon void if altered.""]"
LONG WONG'S  AT THE FIREHOUSE - TEMPE,1185738,108,72241AAB,DRINKING PLACES (ALCOHOLIC BEVERAGES) - PUBS,2013-12-31,http://www.valpak.com/coupons/printable/LONG-WONGS-AT-THE-FIREHOUSE/5963?slugId=1185738&vpref=vpcomLX,http://www.longwongstempe.com,http://www.valpak.com/img/slug/3177128981501.jpg,http://www.valpak.com/img/print/3177128981501.jpg,1639 E. APACHE BLVD,Tempe,85281,(480)894-2200,"Buy 1 Dozen Wings, Get 6 FREE",2013-04-18,"[""VALID ONLY AT LONG WONG'S AT THE FIREHOUSE IN TEMPE"", ""One coupon per party."", ""Coupons may not be combined with any other offer."", ""With Valpak® coupon only."", ""Coupon void if altered.""]"
ROSATI'S PIZZA,1179256,108,72211AAD,FULL-SVC RSTRNTS - PIZZA,2014-03-31,http://www.valpak.com/coupons/printable/ROSATIS-PIZZA/51196?slugId=1179256&vpref=vpcomLX,http://www.rosatispizza.com,http://www.valpak.com/img/slug/3173138932301.jpg,http://www.valpak.com/img/print/3173138932301.jpg,18555 N 59th Ave,Glendale,85308,,Pizza Coupon - $2 OFF Any Rosati's Pizza!,2013-04-18,"[""Coupon for discount on pizza valid at Rosati's Pizza in Glendale AZ only. Pizza coupon discount valid for pizza delivery, pizza take-out or pizza Dine-In. Additional pizza delivery charge may apply."", ""With coupon only."", ""Coupons may not be combined with any other offer."", ""Must present coupon at time of order."", ""Coupon valid at this location only."", ""Coupon void if altered.""]"
BUCA di BEPPO ITALIAN RESTAURANT,1166161,108,72211AAB,FULL-SVC RSTRNTS - ITALIAN,2013-04-28,http://www.valpak.com/coupons/printable/BUCA-di-BEPPO-ITALIAN-RESTAURA/66150?slugId=1166161&vpref=vpcomLX,http://www.bucadibeppo.com,http://www.valpak.com/img/slug/3147138145201.jpg,http://www.valpak.com/img/print/3147138145201.jpg,90 Yorktown Shopping Ctr,Lombard,60148,(630)932-7673,$10 OFF Any Purchase of $20 or more @ Buca di Beppo,2013-04-28,"[""Min. purchase of $20 req. excl. tax/tip/gratuity.  Exc. banquet/group menus, alcohol, gift cards.  VALID FOR DINE IN ONLY.  3VP10  11064000000332."", ""One coupon per party."", ""Not valid with any other offer."", ""With Valpak® coupon only."", ""Must present coupon at time of purchase."", ""Coupon void if altered.""]"
DRAGON WOK,1050078,108,72211AAP,FULL-SVC RSTRNTS - ORIENTAL,2013-09-30,http://www.valpak.com/coupons/printable/DRAGON-WOK/36730?slugId=1050078&vpref=vpcomLX,,http://www.valpak.com/img/slug/3177135283901.jpg,http://www.valpak.com/img/print/3177135283901.jpg,727 W. RAY RD,Gilbert,85233,(480)782-6889,$5 OFF With Purchase of $25,2013-04-18,"[{}, ""Not valid with any other offer."", ""Coupon void if altered.""]"
BIG DADDY'S SPORTS LOUNGE,1180043,108,7221,FULL-SERVICE RESTAURANTS,2014-03-31,http://www.valpak.com/coupons/printable/BIG-DADDYS-SPORTS-LOUNGE/7861?slugId=1180043&vpref=vpcomLX,http://www.bigdaddysaz.com,http://www.valpak.com/img/slug/3173128860601.jpg,http://www.valpak.com/img/print/3173128860601.jpg,10618 N Cave Creek Rd,Phoenix,85020,(602)861-1034,"20% OFF Breakfast, Lunch or Dinner at Big Daddy's Sports Bar & Grill!",2013-04-18,"[""Offer Not Good With Daily Specials"", ""Coupons may not be combined with any other offer."", ""Coupon void if altered.""]"
CRUISIN 4 YOGURT,1159225,108,722213AAG,SNACK & NONALCOHOLIC BEVERAGE BARS-YOGURT,2014-03-31,http://www.valpak.com/coupons/printable/CRUISIN-4-YOGURT/64650?slugId=1159225&vpref=vpcomLX,http://www.cruisin4yogurt.com/,http://www.valpak.com/img/slug/vpcomSlug.gif,http://www.valpak.com/img/print/vpcomPrint.gif,15409 W. GREENWAY RD Ste. 105,Surprise,85374,(623)975-1100,Yogurt Coupon- New Cruisers' Special 20% OFF!,2013-04-18,"[""Your Entire Purchase. Discount Valid at: Cruisin 4 Yogurt 15409 W. Greenway Rd. Ste 105 Surprise, AZ 85374"", ""With coupon only."", ""Not valid with any other offer."", ""Coupon void if altered.""]"
Caribbean Spice,1187927,108,7221,FULL-SERVICE RESTAURANTS,2013-12-31,http://www.valpak.com/coupons/printable/Caribbean-Spice/41443?slugId=1187927&vpref=vpcomLX,https://www.facebook.com/pages/Caribbean-Spice/198463950192384,http://www.valpak.com/img/slug/3177137325001.jpg,http://www.valpak.com/img/print/3177137325001.jpg,219 E BASELINE RD STE. H001,Tempe,85283,(480)361-7445,$1.50 OFF Any Entree of more than $9,2013-04-18,"[{}, ""Coupons may not be combined with any other offer."", ""With Valpak® coupon only."", ""Coupon void if altered.""]"
Dairy Queen/Orange Julius,1189212,108,722213AAEDAQ,SNACK & NONALCOHOLIC BEVERAGE BARS-ICE CREAM PARLOR (DAIRY QUEEN),2013-09-30,http://www.valpak.com/coupons/printable/Dqorange-Julius/71845?slugId=1189212&vpref=vpcomLX,,http://www.valpak.com/img/slug/vpcomSlug.gif,http://www.valpak.com/img/print/vpcomPrint.gif,3303 E QUEEN CREEK ROAD,Gilbert,85297,(480)279-5001,Buy 1 Blizzard Get 2nd one 1/2 OFF,2013-04-18,"[""(of equal or lesser value)"", ""With coupon only."", ""Coupons may not be combined with any other offer."", ""Coupon void if altered.""]"
DENO'S PIZZA,1180381,108,72211AAD,FULL-SVC RSTRNTS - PIZZA,2014-04-30,http://www.valpak.com/coupons/printable/DENOS-PIZZA/13064?slugId=1180381&vpref=vpcomLX,http://www.denospizza.com,http://www.valpak.com/img/slug/3173132720501.jpg,http://www.valpak.com/img/print/3173132720501.jpg,14515 W Grand Avenue,Surprise,85374,(623)975-2600,Pizza Coupon - Medium 2-Topping Pizza + 10 Wings ONLY $14.95!,2013-04-18,"[""Coupon for discount on pizza & wings accepted only at Deno's Pizza in Surprise Arizona. Limit 2 pizza coupons per party."", ""With coupon only."", ""Not valid with any other coupon."", ""Must present coupon at time of order."", ""Coupon void if altered.""]"
COUSINS SUBS,1052002,108,722211AAJCSS,LIMITED-SVC RSTRNTS - SUBS - (COUSIN'S SUB),2013-06-30,http://www.valpak.com/coupons/printable/COUSINS-SUBS/39021?slugId=1052002&vpref=vpcomLX,,http://www.valpak.com/img/slug/3177135393801.jpg,http://www.valpak.com/img/print/3177135393801.jpg,10240 N. 90TH ST.  STE 105,Scottsdale,85258,(480)860-6444,FREE SUB,2013-04-18,"[""Buy 7 1/2\"" Sub,. Chips & Med. Drink & Get a 7 1/2\"" Sub FREE. Valid only at 10240 N. 90th St. Ste. 105"", ""One coupon per customer."", ""Coupons may not be combined with any other offer."", ""Not valid with any other offer."", ""Not valid with any other coupon."", ""Not valid on mobile site."", ""Coupon void if altered.""]"
AUGIE'S SPORTS GRILL,1169735,108,7221,FULL-SERVICE RESTAURANTS,2014-01-30,http://www.valpak.com/coupons/printable/AUGIES-SPORTS-GRILL/17495?slugId=1169735&vpref=vpcomLX,http://www.augiessportsgrill.com,http://www.valpak.com/img/slug/3173133721401.jpg,http://www.valpak.com/img/print/3173133721401.jpg,"15605 West Roosevelt St, Ste 101",Goodyear,85338,(623)932-0001,Coupon- $5 OFF Breakfast or Lunch!,2013-04-18,"[""Buy two Lunches or Breakfast Entrees and Receive $5 OFF your Entire Purchase. (With the Purchase of 2 Beverages) Coupon Valid only 11am -3pm. Discount accepted at: Augie's Sports Grill in Goodyear AZ"", ""One coupon per party."", ""With coupon only."", ""Not valid with any other coupon."", ""Coupon void if altered.""]"
R KIDDS PIZZA & WINGS,1147282,108,72211AAD,FULL-SVC RSTRNTS - PIZZA,2013-10-31,http://www.valpak.com/coupons/printable/R-KIDDS-PIZZA-WINGS/62115?slugId=1147282&vpref=vpcomLX,http://www.rkiddspizzaandwings.com/menu,http://www.valpak.com/img/slug/3173139611401.jpg,http://www.valpak.com/img/print/3173139611401.jpg,3415 W GLENDALE AVE,Phoenix,85051,(602)841-4444,Pizza Coupon- $5 Ready To Go -Large Cheese or Pepperoni Pizza,2013-04-18,"[""Limited Time Offer- Pizza Coupon for Discount at  R Kidds Pizza and Wings at 3415 W. Glendale Ave Phoenix AZ 85051"", ""Coupons may not be combined with any other offer."", ""With Valpak® coupon only."", ""Coupon void if altered.""]"
THE FLAME BROILER,1185803,108,722211AAB,LIMITED-SVC RSTRNTS - CHICKEN,2013-12-31,http://www.valpak.com/coupons/printable/THE-FLAME-BROILER/26110?slugId=1185803&vpref=vpcomLX,,http://www.valpak.com/img/slug/3177135281301.jpg,http://www.valpak.com/img/print/3177135281301.jpg,933 E University Dr,Tempe,85281,(480)967-2232,Buy 1 Get 1 FREE - With Purchase of 2 beverages,2013-04-18,"[{}, ""With coupon only."", ""Not valid with any other offer."", ""Coupon valid at this location only."", ""Coupon void if altered.""]"
NEW CHINA GATE,1192984,108,72211ABB,FULL-SVC RSTRNTS - CHINESE,2013-12-31,http://www.valpak.com/coupons/printable/NEW-CHINA-GATE/38780?slugId=1192984&vpref=vpcomLX,http://www.newchinagate.com,http://www.valpak.com/img/slug/3177131041301.jpg,http://www.valpak.com/img/print/3177131041301.jpg,7730 E Mcdowell Rd,Scottsdale,85257,(480)990-3388,1 FREE Order of Crab Puffs (6),2013-04-18,"[""OR 2 Large Spring Rolls OR 2 Fountain Drinks. Minimum $20 order."", ""Coupon void if altered.""]"
TROPICAL SNO,1117872,108,722213AAE,SNACK & NONALCOHOLIC BEVERAGE BARS-ICE CREAM PARLOR,2013-07-10,http://www.valpak.com/coupons/printable/TROPICAL-SNO/53547?slugId=1117872&vpref=vpcomLX,http://www.tropicalsnoaz.com,http://www.valpak.com/img/slug/vpcomSlug.gif,http://www.valpak.com/img/print/vpcomPrint.gif,16835 N 40th Street,Phoenix,85032,(480)374-0836,"FREE Hawaiin Ice Coupon! Buy 1, Get 1 FREE!",2013-04-18,"[""Coupon valid only at Tropical Sno in Phoenix, AZ!"", ""One coupon per customer."", ""Not valid with any other coupon."", ""With Valpak® coupon only."", ""Coupon void if altered.""]"
MILAGROS RESTAURANT AT FIESTA RESORT,1185740,108,72211AAU,FULL-SVC RSTRNTS - FULL-SVC RSTRNTS,2013-12-31,http://www.valpak.com/coupons/printable/MILAGROS-RESTAURANT-AT-FIESTA/23953?slugId=1185740&vpref=vpcomLX,http://www.fiestaresortcc.com,http://www.valpak.com/img/slug/3177135000401.jpg,http://www.valpak.com/img/print/3177135000401.jpg,2100 S. PRIEST DR,Tempe,85282,(480)967-1441,$5 OFF Any Dining Experience of $20 or more,2013-04-18,"[{}, ""One coupon per party."", ""Coupons may not be combined with any other offer."", ""With Valpak® coupon only."", ""Coupon void if altered.""]"
BARRO'S PIZZA,979270,108,72211AAD,FULL-SVC RSTRNTS - PIZZA,2013-06-30,http://www.valpak.com/coupons/printable/BARROS-PIZZA/24585?slugId=979270&vpref=vpcomLX,http://www.barrospizza.com,http://www.valpak.com/img/slug/3177105081501.jpg,http://www.valpak.com/img/print/3177105081501.jpg,3233 E Chandler Blvd Ste 19,Phoenix,85048,(480)759-4400,$2 OFF Any Large Pizza,2013-04-18,"[{}, ""Coupons may not be combined with any other offer."", ""Coupon void if altered.""]"
FEDERICOS,1142629,108,72211AAO,FULL-SVC RSTRNTS - MEXICAN,2013-10-15,http://www.valpak.com/coupons/printable/FEDERICOS/60984?slugId=1142629&vpref=vpcomLX,http://federicosmexicanfood.com,http://www.valpak.com/img/slug/3173139480201.jpg,http://www.valpak.com/img/print/3173139480201.jpg,820 N 54th Street,Chandler,85226,(602)278-3170,Mexican Food Coupon - FREE Combination Plate!,2013-04-18,"[""Coupon for discount on Mexican food valid with purchase of 1 combination plate of equal or lesser value. Mexican food coupon accepted only at Federico's Mexican Food in Arizona."", ""With coupon only."", ""Not valid with any other coupon."", ""Not valid on mobile site."", ""Coupon void if altered.""]"
DOUBLE DRAGON,1187887,108,72211ABB,FULL-SVC RSTRNTS - CHINESE,2013-12-31,http://www.valpak.com/coupons/printable/DOUBLE-DRAGON/40634?slugId=1187887&vpref=vpcomLX,,http://www.valpak.com/img/slug/vpcomSlug.gif,http://www.valpak.com/img/print/vpcomPrint.gif,1018 N Arizona Ave,Chandler,85225,(480)857-9888,20% OFF Any Order Over $30,2013-04-18,"[{}, ""With coupon only."", ""Coupons may not be combined with any other offer."", ""Coupon void if altered.""]"
